,Return,var_1,var_2,var_3
0,0.1073,0.02778,0.00387,0.00021
1,0.0731,0.00387,0.01112,-0.0002
2,0.0621,0.00021,-0.0002,0.00115
